{"cameraMode":{"drawMode":0,"name":"Shaded","section":"Shading Mode"},"sceneLighting":false,"audioPlay":false,"sceneViewState":{"m_AlwaysRefresh":false,"showFog":true,"showSkybox":false,"showFlares":true,"showImageEffects":true,"showParticleSystems":true,"showVisualEffectGraphs":true,"m_FxEnabled":true},"in2DMode":false,"pivot":{"x":0.22010000050067902,"y":-0.29319998621940615,"z":-0.5715000033378601},"rotation":{"x":0.14629821479320527,"y":0.33441197872161868,"z":-0.04915214329957962,"w":0.9297117590904236},"size":0.966285228729248,"orthographic":false}