{"cameraMode":{"drawMode":0,"name":"Shaded","section":"Shading Mode"},"sceneLighting":false,"audioPlay":false,"sceneViewState":{"m_AlwaysRefresh":false,"showFog":true,"showSkybox":false,"showFlares":true,"showImageEffects":true,"showParticleSystems":true,"showVisualEffectGraphs":true,"m_FxEnabled":true},"in2DMode":false,"pivot":{"x":-0.20844703912734986,"y":-0.8074820041656494,"z":-0.3474869728088379},"rotation":{"x":0.16689488291740418,"y":-0.014828631654381752,"z":-0.002571270102635026,"w":-0.98591548204422},"size":1.2838919162750245,"orthographic":false}