{"cameraMode":{"drawMode":0,"name":"Shaded","section":"Shading Mode"},"sceneLighting":false,"audioPlay":false,"sceneViewState":{"m_AlwaysRefresh":false,"showFog":true,"showSkybox":false,"showFlares":true,"showImageEffects":true,"showParticleSystems":true,"showVisualEffectGraphs":true,"m_FxEnabled":true},"in2DMode":false,"pivot":{"x":0.04650002717971802,"y":-0.11186292767524719,"z":0.18274995684623719},"rotation":{"x":0.16689488291740418,"y":-0.014828631654381752,"z":-0.002571270102635026,"w":-0.98591548204422},"size":1.5812649726867676,"orthographic":false}