{"cameraMode":{"drawMode":0,"name":"Shaded","section":"Shading Mode"},"sceneLighting":false,"audioPlay":false,"sceneViewState":{"m_AlwaysRefresh":false,"showFog":true,"showSkybox":false,"showFlares":true,"showImageEffects":true,"showParticleSystems":true,"showVisualEffectGraphs":true,"m_FxEnabled":true},"in2DMode":false,"pivot":{"x":-0.3549594581127167,"y":1.5473527908325196,"z":0.06164908409118652},"rotation":{"x":0.21446678042411805,"y":0.038698893040418628,"z":-0.008519257418811322,"w":0.9759656190872192},"size":0.8660253882408142,"orthographic":false}