{"cameraMode":{"drawMode":0,"name":"Shaded","section":"Shading Mode"},"sceneLighting":false,"audioPlay":false,"sceneViewState":{"m_AlwaysRefresh":false,"showFog":true,"showSkybox":false,"showFlares":true,"showImageEffects":true,"showParticleSystems":true,"showVisualEffectGraphs":true,"m_FxEnabled":true},"in2DMode":false,"pivot":{"x":0.04827648401260376,"y":-0.3474818468093872,"z":0.20051300525665284},"rotation":{"x":0.05895545706152916,"y":-0.2648422122001648,"z":-0.01625227741897106,"w":-0.962384819984436},"size":1.5401923656463624,"orthographic":false}